"VAP0001","17-08-2022","Windows Server 2016 Datacenter"
"VDC0002","30-06-2020","Windows Server 2008 R2 Enterprise"
"VDC0001","30-08-2022","Windows Server 2012 R2 Standard"
"VDC3201","31-08-2022","Windows Server 2012 R2 Standard"
"VDC4002","31-08-2022","Windows Server 2012 R2 Standard"
"CDC6002","06-09-2022","Windows Server 2012 R2 Datacenter"
"CDC7002","05-09-2022","Windows Server 2012 R2 Datacenter"
"VDC0007","02-09-2022","Windows Server 2016 Standard"
"VDC0005","01-09-2022","Windows Server 2016 Standard"
"CDC1003","07-09-2022","Windows Server 2016 Datacenter"
"VDC0006","01-09-2022","Windows Server 2016 Standard"
"VAP0149","20-08-2022","Windows Server 2012 R2 Standard"
"VFS4002","30-08-2022","Windows Server 2012 R2 Standard"
"PHV1301","12-08-2020","Hyper-V Server"
"PHV4001","06-09-2022","Windows Server 2012 R2 Standard"
"VFS4001","07-06-2016","Windows Server 2008 R2 Enterprise"
"PHV1601","21-01-2020","Hyper-V Server"
"VDS1602","16-01-2020","Windows Server 2012 R2 Standard"
"VBK0001","03-01-2020","Windows Server 2016 Datacenter"
"PHV2201","22-06-2020","Hyper-V Server"
"PHV3201","04-09-2022","Windows Server 2012 R2 Standard"
"VAP0134","03-09-2022","Windows Server 2012 R2 Standard"
"VAP0175","13-01-2018","Windows Server 2012 R2 Standard"
"VDS1202","20-01-2020","Windows Server 2012 R2 Standard"
"VDS9001","19-01-2020","Windows Server 2012 R2 Standard"
"VAP3901","31-08-2022","Windows Server 2012 R2 Datacenter"
"VDS2102","20-01-2020","Windows Server 2012 R2 Standard"
"PHV2101","30-08-2022","Windows Server 2019 Datacenter"
"VRD0002","09-02-2021","Windows Server 2016 Datacenter"
"VRD0001","14-02-2021","Windows Server 2016 Datacenter"
"VAP0002","30-08-2022","Windows Server 2016 Datacenter"
"VMS0005","20-03-2020","Windows Server 2008 R2 Enterprise"
"VMS0004","22-03-2020","Windows Server 2008 R2 Enterprise"
"VAP1101","02-09-2022","Windows Server 2008 R2 Enterprise"
"VDB0009","23-07-2021","Windows Server 2008 R2 Enterprise"
"VFS0002","31-08-2022","Windows Server 2016 Standard"
"VDB0014","21-05-2020","Windows Server 2012 R2 Standard"
"VDB0013","21-05-2020","Windows Server 2012 R2 Standard"
"VAP0138","16-05-2020","Windows Server 2012 R2 Standard"
"VAP0139","17-05-2020","Windows Server 2012 R2 Standard"
"VAP0140","14-05-2020","Windows Server 2012 R2 Standard"
"VFS0004","30-08-2022","Windows Server 2016 Standard"
"VAP1102","10-10-2021","Windows Server 2012 R2 Standard"
"VFS0005","02-09-2022","Windows Server 2016 Standard"
"VDS6003","03-05-2022","Windows Server 2012 R2 Standard"
"VDS1302","26-01-2020","Windows Server 2012 R2 Standard"
"VDS1402","23-07-2020","Windows Server 2012 R2 Standard"
"VDS1702","20-01-2020","Windows Server 2012 R2 Standard"
"VDS2402","08-06-2020","Windows Server 2012 R2 Standard"
"VDS2502","14-01-2020","Windows Server 2012 R2 Standard"
"CAP2005","18-03-2020","Windows Server 2008 R2 Datacenter"
"CDB2003","30-08-2022","Windows Server 2008 R2 Datacenter"
"VAP0166","14-05-2020","Windows Server 2012 R2 Standard"
"VFS0006","30-08-2022","Windows Server 2012 R2 Standard"
"PBK0002B","29-07-2020","Windows Server 2008 R2 Enterprise"
"VAP0006","16-10-2020","Windows Server 2019 Datacenter"
"VAP0004","06-09-2022","Windows Server 2019 Datacenter"
"VTS0004","10-10-2011","Windows Server 2008 R2 Enterprise"
"VDS2902","15-01-2020","Windows Server 2012 R2 Datacenter"
"VMS0008","02-09-2022","Windows Server 2016 Datacenter"
"VAP0174","30-08-2022","Windows Server 2012 R2 Standard"
"VAP0173","13-05-2020","Windows Server 2012 R2 Standard"
"VDS3601","18-01-2020","Windows Server 2012 R2 Standard"
"PHV3701","01-07-2022","Windows Server 2012 R2 Standard"
"PHV3601","01-09-2022","Windows Server 2019 Datacenter"
"CDB5001","04-09-2022","Windows Server 2012 R2 Datacenter"
"VPS0003","05-09-2022","Windows Server 2008 R2 Enterprise"
"PHV6001","19-04-2021","Hyper-V Server"
"CAP5006","01-09-2022","Windows Server 2012 R2 Datacenter"
"CAP5005","01-09-2022","Windows Server 2012 R2 Datacenter"
"VAP0171","07-09-2022","Windows Server 2012 R2 Standard"
"CPS6001","06-09-2022","Windows Server 2012 R2 Datacenter"
"CWS6001","08-11-2021","Windows Server 2012 R2 Datacenter"
"CPS6003","06-09-2022","Windows Server 2012 R2 Datacenter"
"CWS6002","11-11-2021","Windows Server 2012 R2 Datacenter"
"CWS6003","03-11-2021","Windows Server 2012 R2 Datacenter"
"CAP6007","30-08-2022","Windows Server 2012 R2 Datacenter"
"CAP6006","16-03-2021","Windows Server 2012 R2 Datacenter"
"CAP6001","31-08-2022","Windows Server 2008 R2 Datacenter"
"PHV1701","21-01-2020","Hyper-V Server"
"CFS6001","04-09-2022","Windows Server 2012 R2 Datacenter"
"CAP6005","11-11-2021","Windows Server 2008 R2 Datacenter"
"CDB6001","07-09-2022","Windows Server 2012 R2 Datacenter"
"CDB6004","08-09-2022","Windows Server 2012 R2 Datacenter"
"CDB6002","13-11-2021","Windows Server 2012 R2 Datacenter"
"CDB6003","06-09-2022","Windows Server 2012 R2 Datacenter"
"CMG6001","07-09-2022","Windows Server 2012 R2 Datacenter"
"CAP6002","12-11-2021","Windows Server 2008 R2 Datacenter"
"CDG6002","25-02-2021","Windows Server 2012 R2 Datacenter"
"CDG6001","25-02-2021","Windows Server 2012 R2 Datacenter"
"CAP6004","13-11-2021","Windows Server 2008 R2 Datacenter"
"CAP6003","15-11-2021","Windows Server 2008 R2 Datacenter"
"CDR6002","28-08-2022","Windows Server 2012 R2 Datacenter"
"CDR6001","07-09-2022","Windows Server 2012 R2 Datacenter"
"CRD6001","31-08-2022","Windows Server 2012 R2 Datacenter"
"CRD6002","18-02-2022","Windows Server 2012 R2 Datacenter"
"CPS6002","30-08-2022","Windows Server 2012 R2 Datacenter"
"CDS6001","31-08-2022","Windows Server 2012 R2 Datacenter"
"CRD6004","04-11-2021","Windows Server 2012 R2 Datacenter"
"CRD6003","01-11-2021","Windows Server 2012 R2 Datacenter"
"CRD6007","15-10-2021","Windows Server 2012 R2 Datacenter"
"CRD6005","04-11-2021","Windows Server 2012 R2 Datacenter"
"PAP1001","05-08-2022","Windows Server 2008 R2 Enterprise"
"CBK6001","19-01-2022","Windows Server 2012 R2 Datacenter"
"VDS3801","21-01-2020","Windows Server 2012 R2 Standard"
"VDS3901","02-02-2020","Windows Server 2012 R2 Standard"
"PHV1001","11-08-2022","Windows Server 2012 R2 Datacenter"
"VPS0002","01-09-2022","Windows Server 2012 R2 Standard"
"VAP0993","17-05-2020","Windows Server 2012 R2 Standard"
"PHV3702","31-08-2022","Windows Server 2012 R2 Standard"
"VDS3701","16-01-2020","Windows Server 2012 R2 Standard"
"PHV2501","03-09-2022","Windows Server 2016 Datacenter"
"CAP5008","29-08-2022","Windows Server 2012 R2 Datacenter"
"VDS4101","17-01-2020","Windows Server 2012 R2 Standard"
"VDS4201","18-01-2020","Windows Server 2012 R2 Datacenter"
"PHV4201","12-01-2020","Windows Server 2012 R2 Standard"
"CAP5009","30-08-2022","Windows Server 2012 R2 Datacenter"
"CAP5010","29-08-2022","Windows Server 2012 R2 Datacenter"
"PHV1201","15-01-2020","Hyper-V Server"
"CAP5011","01-09-2022","Windows Server 2012 R2 Datacenter"
"PHV1101","05-09-2022","Hyper-V Server"
"PHV2401","02-07-2021","Hyper-V Server"
"PHV2901","02-09-2022","Windows Server 2016 Datacenter"
"CAP6010","06-09-2022","Windows Server 2012 R2 Datacenter"
"CAP6011","06-09-2022","Windows Server 2012 R2 Datacenter"
"PHV3902","05-09-2022","Windows Server 2012 R2 Datacenter"
"PHV3903","08-09-2022","Windows Server 2012 R2 Datacenter"
"VAP3902","05-09-2022","Windows Server 2012 R2 Datacenter"
"VAP3904","07-09-2022","Windows Server 2012 R2 Datacenter"
"VAP3903","03-09-2022","Windows Server 2012 R2 Datacenter"
"PRD0022","15-02-2021","Windows Server 2016 Datacenter"
"PRD0012","11-02-2021","Windows Server 2016 Datacenter"
"PRD0013","08-02-2021","Windows Server 2016 Datacenter"
"VWS0005","03-11-2021","Windows Server 2008 R2 Enterprise"
"PRD0011","25-02-2021","Windows Server 2016 Datacenter"
"PRD0016","26-02-2021","Windows Server 2016 Datacenter"
"VWS0007","08-02-2020","Windows Server 2008 R2 Enterprise"
"VAP3905","31-08-2022","Windows Server 2012 R2 Datacenter"
"VWS0006","29-10-2021","Windows Server 2008 R2 Enterprise"
"VAP0017","30-09-2020","Windows Server 2003"
"CAP6012","01-09-2022","Windows Server 2012 R2 Datacenter"
"VFS6001","10-05-2022","Windows Server 2016 Standard"
"VAP3906","04-09-2022","Windows Server 2012 R2 Datacenter"
"PHV1401","23-07-2020","Hyper-V Server"
"PSV0099","22-04-2021","Windows Server 2012 R2 Datacenter"
"CFS7001","19-01-2020","Windows Server 2016 Datacenter"
"CFS7002","19-01-2020","Windows Server 2016 Datacenter"
"CDR7002","03-09-2022","Windows Server 2016 Datacenter"
"CDR7001","15-01-2020","Windows Server 2016 Datacenter"
"CMG7001","25-01-2020","Windows Server 2016 Datacenter"
"CRD7001","02-09-2022","Windows Server 2016 Datacenter"
"CRD7002","04-09-2022","Windows Server 2016 Datacenter"
"CRD7003","03-09-2022","Windows Server 2016 Datacenter"
"CRD7004","02-09-2022","Windows Server 2016 Datacenter"
"CRD7005","03-09-2022","Windows Server 2016 Datacenter"
"CRD7006","31-08-2022","Windows Server 2016 Datacenter"
"CRD7007","03-09-2022","Windows Server 2016 Datacenter"
"CRD7008","01-04-2021","Windows Server 2016 Datacenter"
"CRD7009","01-04-2021","Windows Server 2016 Datacenter"
"CRD7010","03-09-2022","Windows Server 2016 Datacenter"
"PHV3901","08-09-2022","Windows Server 2012 R2 Standard"
"CAP6013","07-09-2022","Windows Server 2012 R2 Datacenter"
"CAP6014","29-08-2022","Windows Server 2012 R2 Datacenter"
"CAP6015","24-06-2021","Windows Server 2012 R2 Datacenter"
"CDB700-1","07-09-2022","Windows Server 2012 R2 Datacenter"
"CDB700-2","07-09-2022","Windows Server 2012 R2 Datacenter"
"QRM-49134CF642C","30-08-2022","Windows Server 2012 R2 Datacenter"
"CAP700-1","12-03-2021","Windows Server 2012 R2 Datacenter"
"CAP700-2","14-03-2021","Windows Server 2012 R2 Datacenter"
"CAP700-3","29-08-2022","Windows Server 2012 R2 Datacenter"
"CAP700-4","07-09-2022","Windows Server 2012 R2 Datacenter"
"CBI700-1","06-09-2022","Windows Server 2012 R2 Datacenter"
"CBI700-2","07-09-2022","Windows Server 2012 R2 Datacenter"
"CWS700-1","08-09-2022","Windows Server 2012 R2 Datacenter"
"CWS700-2","03-09-2022","Windows Server 2012 R2 Datacenter"
"PHV4501","07-09-2022","Windows Server 2019 Datacenter"
"PHV3801","19-01-2020","Windows Server 2012 R2 Standard"
"VMM0001","28-11-2021","Windows Server 2016 Datacenter"
"PHV0011","03-02-2020","Windows Server 2016 Datacenter"
"PHV0010","15-01-2020","Windows Server 2016 Datacenter"
"CAP1001","29-08-2022","Windows Server 2012 R2 Datacenter"
"CRD1001","05-09-2022","Windows Server 2012 R2 Datacenter"
"VFS4201","18-01-2020","Windows Server 2012 R2 Datacenter"
"CDR1001","05-09-2022","Windows Server 2012 R2 Datacenter"
"CDR1002","05-09-2022","Windows Server 2012 R2 Datacenter"
"CDG1002","27-08-2022","Windows Server 2012 R2 Datacenter"
"CDB1004","27-08-2022","Windows Server 2012 R2 Datacenter"
"CFS1001","30-08-2022","Windows Server 2012 R2 Datacenter"
"VFS0007","03-09-2022","Windows Server 2016 Datacenter"
"VPS0005","16-01-2020","Windows Server 2012 R2 Standard"
"VPS0006","04-02-2020","Windows Server 2008 R2 Enterprise"
"CPS1001","08-09-2022","Windows Server 2012 R2 Datacenter"
"CDB1002","30-08-2022","Windows Server 2012 R2 Datacenter"
"CAP1002","30-08-2022","Windows Server 2012 R2 Datacenter"
"CDB1003","05-09-2022","Windows Server 2012 R2 Datacenter"
"CFS1002","06-09-2022","Windows Server 2012 R2 Datacenter"
"CFS6003","06-12-2021","Windows Server 2012 R2 Datacenter"
"CWS1001","30-08-2022","Windows Server 2012 R2 Datacenter"
"CAP1004","08-09-2022","Windows Server 2012 R2 Datacenter"
"CMG1001","01-09-2022","Windows Server 2012 R2 Datacenter"
"CAP1006","30-08-2022","Windows Server 2012 R2 Datacenter"
"CAP900-1","06-09-2022","Windows Server 2012 R2 Datacenter"
"CDB900-1","07-09-2022","Windows Server 2012 R2 Datacenter"
"CAP900-2","30-08-2022","Windows Server 2012 R2 Datacenter"
"CAP900-3","30-08-2022","Windows Server 2012 R2 Datacenter"
"CMG1002","08-09-2022","Windows Server 2012 R2 Datacenter"
"VAP0188","11-05-2020","Windows Server 2016 Datacenter"
"VAP0190","17-01-2020","Windows Server 2016 Datacenter"
"VAP0191","18-01-2020","Windows Server 2016 Datacenter"
"VAP0192","08-05-2020","Windows Server 2016 Datacenter"
"VDB0020","06-05-2020","Windows Server 2016 Datacenter"
"VAP0193","21-01-2020","Windows Server 2016 Datacenter"
"CAP1007","30-08-2022","Windows Server 2012 R2 Datacenter"
"CAP1008","30-08-2022","Windows Server 2012 R2 Datacenter"
"CAP1009","20-07-2022","Windows Server 2012 R2 Datacenter"
"CAP1010","03-09-2022","Windows Server 2012 R2 Datacenter"
"VAP0070","08-02-2020","Windows Server 2008 R2 Enterprise"
"VFS2501","15-09-2021","Windows Server 2016 Datacenter"
"VAP0077","18-01-2020","Windows Server 2008 R2 Enterprise"
"VAP1080","02-09-2022","Windows Server 2012 R2 Datacenter"
"VAP0011","01-09-2022","Windows Server 2008 R2 Datacenter"
"VMG0004","03-09-2022","Windows Server 2016 Datacenter"
"CAP6016","06-09-2022","Windows Server 2016 Datacenter"
"CAP6017","04-09-2022","Windows Server 2016 Datacenter"
"CAP5014","31-08-2022","Windows Server 2016 Datacenter"
"VDS0114","13-01-2020","Windows Server 2012 R2 Standard"
"PHV0114","28-02-2021","Windows Server 2016 Datacenter"
"VDS4701","13-01-2020","Windows Server 2012 R2 Datacenter"
"CAP700-5","01-09-2022","Windows Server 2012 R2 Datacenter"
"CAP700-6","01-09-2022","Windows Server 2012 R2 Datacenter"
"CAP700-7","01-09-2022","Windows Server 2012 R2 Datacenter"
"CAP1011","05-09-2022","Windows Server 2012 R2 Datacenter"
"CAP700-8","06-09-2022","Windows Server 2012 R2 Datacenter"
"CAP6018","26-07-2022","Windows Server 2016 Datacenter"
"CAP6019","29-08-2022","Windows Server 2016 Datacenter"
"CAP6020","02-03-2021","Windows Server 2016 Datacenter"
"VAP0156","21-05-2021","Windows Server 2008 R2 Enterprise"
"VAP0160","23-09-2020","Windows Server 2012 R2 Standard"
"VAP0159","02-10-2020","Windows Server 2012 R2 Standard"
"VAP0057","07-09-2022","Windows Server 2008 R2 Enterprise"
"VAP0103","25-03-2020","Windows Server 2008 R2 Enterprise"
"VAP0089","31-03-2020","Windows Server 2008 R2 Enterprise"
"VAP0097","14-02-2020","Windows Server 2008 R2 Enterprise"
"VAP0106","14-02-2020","Windows Server 2008 R2 Enterprise"
"VAP0066","06-02-2020","Windows Server 2008 R2 Enterprise"
"VAP0108","21-01-2020","Windows Server 2008 R2 Enterprise"
"VAP0096","14-01-2020","Windows Server 2008 R2 Enterprise"
"VAP0104","25-01-2020","Windows Server 2008 R2 Enterprise"
"VAP0082","18-01-2020","Windows Server 2008 R2 Enterprise"
"VAP0095","20-01-2020","Windows Server 2008 R2 Enterprise"
"VAP0013","30-08-2022","Windows Server 2008 R2 Enterprise"
"VAP0110","14-02-2020","Windows Server 2008 R2 Enterprise"
"VAP0109","07-05-2020","Windows Server 2008 R2 Enterprise"
"VAP0127","26-01-2020","Windows Server 2008 R2 Enterprise"
"VAP0126","19-01-2020","Windows Server 2008 R2 Enterprise"
"VAP0085","19-01-2020","Windows Server 2008 R2 Enterprise"
"VAP0195","07-09-2022","Windows Server 2016 Datacenter"
"VAP0133","13-01-2020","Windows Server 2008 R2 Enterprise"
"VAP0137","03-09-2022","Windows Server 2008 R2 Enterprise"
"VAP0136","21-01-2020","Windows Server 2008 R2 Enterprise"
"VAP0151","23-01-2020","Windows Server 2008 R2 Enterprise"
"VAP0102","22-01-2020","Windows Server 2008 R2 Enterprise"
"CAP1012","30-08-2022","Windows Server 2012 R2 Datacenter"
"VBR0003","25-01-2020","Windows Server 2016 Datacenter"
"VBR0004","25-01-2020","Windows Server 2016 Datacenter"
"CMG10001","18-08-2022","Windows Server 2019 Datacenter"
"PHV3802","31-08-2022","Windows Server 2016 Datacenter"
"VAP3802","31-08-2022","Windows Server 2016 Datacenter"
"VAP3803","03-09-2022","Windows Server 2016 Datacenter"
"CDI700-1","07-09-2022","Windows Server 2016 Datacenter"
"VAP6002","05-05-2022","Windows Server 2016 Datacenter"
"CDI900-1","08-09-2022","Windows Server 2016 Datacenter"
"VAP0107","21-01-2020","Windows Server 2008 R2 Enterprise"
"VDB0004","31-08-2022","Windows Server 2008 R2 Enterprise"
"VDS3002","21-01-2020","Windows Server 2012 R2 Datacenter"
"PHV3002","07-09-2022","Windows Server 2019 Datacenter"
"VRD0003","10-02-2021","Windows Server 2016 Datacenter"
"PHV0014","20-01-2020","Windows Server 2016 Datacenter"
"CBI700-3","07-09-2022","Windows Server 2012 R2 Datacenter"
"CBI700-4","07-09-2022","Windows Server 2012 R2 Datacenter"
"VMG0002","04-03-2021","Windows Server 2012 R2 Standard"
"VBR0009","15-01-2020","Windows Server 2016 Datacenter"
"VBR0010","15-01-2020","Windows Server 2016 Datacenter"
"VAP0196","21-01-2020","Windows Server 2019 Datacenter"
"VAP3010","08-09-2022","Windows Server 2019 Datacenter"
"VAP3011","30-08-2022","Windows Server 2019 Datacenter"
"VAP3012","07-09-2022","Windows Server 2019 Datacenter"
"VAP3013","08-09-2022","Windows Server 2019 Datacenter"
"VRD0008","11-02-2021","Windows Server 2016 Datacenter"
"PHV5001","05-09-2022","Windows Server 2016 Datacenter"
"PHV0020","21-01-2020","Windows Server 2016 Datacenter"
"PHV0017","31-01-2020","Windows Server 2016 Datacenter"
"PHV0016","26-05-2020","Windows Server 2016 Datacenter"
"PHV0015","26-01-2020","Windows Server 2016 Datacenter"
"PHV0013","26-01-2020","Windows Server 2016 Datacenter"
"PHV0012","30-01-2020","Windows Server 2016 Datacenter"
"VDS5001","19-01-2020","Windows Server 2012 R2 Datacenter"
"PHV0003","21-01-2020","Windows Server 2016 Datacenter"
"VRD0011","11-02-2021","Windows Server 2016 Datacenter"
"VMG0003","05-09-2022","Windows Server 2016 Datacenter"
"PHV0030","03-09-2022","Windows Server 2019 Datacenter"
"CAP10001","07-09-2022","Windows Server 2019 Datacenter"
"VHC3901","01-09-2022","Windows Server 2012 R2 Datacenter"
"VAP0080","03-02-2020","Windows Server 2008 R2 Enterprise"
"CDR7003","02-09-2022","Windows Server 2016 Datacenter"
"CFS7003","02-09-2022","Windows Server 2016 Datacenter"
"VAP0161","30-08-2022","Windows Server 2012 R2 Standard"
"VWS0021","07-09-2022","Windows Server 2008 R2 Enterprise"
"VHC0001","18-11-2021","Windows Server 2016 Datacenter"
"VAP0154","31-08-2022","Windows Server 2008 R2 Enterprise"
"PHV0050","24-01-2020","Windows Server 2016 Datacenter"
"VDB0005","03-09-2022","Windows Server 2019 Datacenter"
"PHV0051","25-02-2020","Windows Server 2016 Datacenter"
"VAP0177","01-09-2022","Windows Server 2012 R2 Standard"
"VAP0155","08-09-2022","Windows Server 2012 R2 Standard"
"FSSLIMSWEBTEST","29-08-2022","Windows Server 2012 R2 Standard"
"FSSLIMSDB1","04-09-2022","Windows Server 2012 R2 Standard"
"PAP0007","05-09-2020","Windows Server 2008 R2 Enterprise"
"VAP0187","06-09-2022","Windows Server 2012 R2 Standard"
"VAP0143","13-02-2020","Windows Server 2008 R2 Enterprise"
"VAP0054","06-02-2020","Windows Server 2008 R2 Enterprise"
"VAP0115","27-01-2020","Windows Server 2008 R2 Enterprise"
"FSSLIMSDBTEST","04-09-2022","Windows Server 2012 R2 Standard"
"VAP0111","30-08-2022","Windows Server 2008 R2 Enterprise"
"FSSLIMSWEB1","05-09-2022","Windows Server 2012 R2 Standard"
"CAP10241","07-09-2022","Windows Server 2019 Datacenter"
"CMG7002","29-04-2022","Windows Server 2016 Datacenter"
"VDH0001","28-01-2020","Windows Server 2016 Standard"
"CAP10242","07-09-2022","Windows Server 2019 Datacenter"
"CAP10245","04-09-2022","Windows Server 2019 Datacenter"
"CAP10246","05-09-2022","Windows Server 2019 Datacenter"
"CAP10243","07-09-2022","Windows Server 2019 Datacenter"
"VAP0075","28-01-2020","Windows Server 2008 R2 Enterprise"
"CDB10001","07-09-2022","Windows Server 2019 Datacenter"
"CAP10002","05-09-2022","Windows Server 2019 Datacenter"
"VSQ0004","18-05-2021","Windows Server 2012 R2 Datacenter"
"VAP0148","15-01-2022","Windows Server 2008 R2 Enterprise"
"VAP0116","01-02-2020","Windows Server 2008 R2 Enterprise"
"VAP0168","12-07-2020","Windows Server 2012 R2 Standard"
"VAP0081","31-01-2020","Windows Server 2008 R2 Enterprise"
"VAP0114","31-01-2020","Windows Server 2008 R2 Enterprise"
"CAP10240","31-08-2022","Windows Server 2019 Datacenter"
"PHV0054","04-03-2020","Windows Server 2016 Datacenter"
"CDC6003","03-09-2022","Windows Server 2016 Datacenter"
"CDC1004","04-09-2022","Windows Server 2016 Datacenter"
"PHV0132","05-05-2020","Windows Server 2016 Datacenter"
"PHV0110","29-11-2021","Windows Server 2016 Datacenter"
"PHV0131","27-04-2020","Windows Server 2016 Datacenter"
"PHV0111","19-11-2021","Windows Server 2016 Datacenter"
"CAP11001","31-08-2022","Windows Server 2019 Datacenter"
"CAP11002","03-09-2022","Windows Server 2019 Datacenter"
"CAP10003","30-08-2022","Windows Server 2019 Datacenter"
"CAP10004","29-08-2022","Windows Server 2019 Datacenter"
"PHV0113","06-03-2021","Windows Server 2016 Datacenter"
"PHV0112","25-02-2021","Windows Server 2016 Datacenter"
"DPM-RESTORE19","31-08-2022","Windows Server 2019 Datacenter"
"CDB10002","31-08-2022","Windows Server 2019 Datacenter"
"PHV0115","31-07-2020","Windows Server 2016 Datacenter"
"CAP10005","01-09-2022","Windows Server 2019 Datacenter"
"PHV6002","12-05-2022","Windows Server 2016 Datacenter"
"CAP10006","03-09-2022","Windows Server 2019 Datacenter"
"VRD0012","13-02-2021","Windows Server 2016 Datacenter"
"CAP10008","07-09-2022","Windows Server 2019 Datacenter"
"CDP10001","06-09-2022","Windows Server 2016 Datacenter"
"CAP11003","01-09-2022","Windows Server 2019 Datacenter"
"CDB11001","01-09-2022","Windows Server 2019 Datacenter"
"PHV0120","08-06-2020","Windows Server 2016 Datacenter"
"PHV0117","29-05-2020","Windows Server 2016 Datacenter"
"CDB1005","08-09-2022","Windows Server 2016 Datacenter"
"CAP10009","03-09-2022","Windows Server 2019 Datacenter"
"VMM0002","05-09-2022","Windows Server 2019 Datacenter"
"CFS10001","03-09-2022","Windows Server 2019 Datacenter"
"CDC10001","05-09-2022","Windows Server 2016 Datacenter"
"PRD0023","13-10-2021","Windows Server 2016 Datacenter"
"PRD0024","17-03-2021","Windows Server 2016 Datacenter"
"PRD0025","02-09-2022","Windows Server 2016 Datacenter"
"PRD0026","06-09-2022","Windows Server 2016 Datacenter"
"CDB11002","13-08-2022","Windows Server 2019 Datacenter"
"CDB11003","04-09-2022","Windows Server 2019 Datacenter"
"CDB10003","03-08-2022","Windows Server 2019 Datacenter"
"PHV0033","03-09-2022","Windows Server 2019 Datacenter"
"CAP10235","08-09-2022","Windows Server 2019 Datacenter"
"CDG6003","31-08-2022","Windows Server 2019 Datacenter"
"CDG6004","23-08-2022","Windows Server 2019 Datacenter"
"CJH10001","01-09-2022","Windows Server 2019 Datacenter"
"CAP10010","05-09-2022","Windows Server 2019 Datacenter"
"CAP1014","24-03-2021","Windows Server 2016 Datacenter"
"VSHMIG01","31-08-2022","Windows Server 2016 Standard"
"VSHMIG02","31-08-2022","Windows Server 2016 Standard"
"VSHMIG03","17-01-2021","Windows Server 2016 Standard"
"CDG1003","08-06-2022","Windows Server 2012 Datacenter"
"CBK10001","05-09-2022","Windows Server 2019 Datacenter"
"CDG1004-TEST","06-05-2020","Windows Server 2012 Datacenter"
"CAP1015","30-08-2022","Windows Server 2016 Datacenter"
"PHV1602","06-09-2022","Windows Server 2019 Datacenter"
"VAP1601","07-09-2022","Windows Server 2019 Standard"
"VAP1602","07-09-2022","Windows Server 2019 Standard"
"VAP0005","18-09-2020","Windows Server 2019 Datacenter"
"VMG0005","30-08-2022","Windows Server 2019 Datacenter"
"VDB0021","02-09-2022","Windows Server 2019 Standard"
"VDB0022","02-09-2022","Windows Server 2019 Standard"
"VDB0023","02-09-2022","Windows Server 2019 Standard"
"CAP11237","22-08-2022","Windows Server 2019 Datacenter"
"CAP11238","29-08-2022","Windows Server 2019 Datacenter"
"CAP11239","22-08-2022","Windows Server 2019 Datacenter"
"CAP11240","24-08-2022","Windows Server 2019 Datacenter"
"vhc0002","05-09-2022","Windows Server 2019 Datacenter"
"VRD0013","07-09-2022","Windows Server 2019 Standard"
"VRD0014","02-09-2022","Windows Server 2019 Standard"
"vhc0002-cau","22-03-2022","Windows Server 2019 Datacenter"
"PHV0031","06-09-2022","Windows Server 2019 Datacenter"
"PHV0032","06-09-2022","Windows Server 2019 Datacenter"
"VGW0001","05-09-2022","Windows Server 2019 Standard"
"VGW0002","06-09-2022","Windows Server 2019 Standard"
"VBR0012","06-09-2022","Windows Server 2019 Standard"
"VBR0013","07-09-2022","Windows Server 2019 Standard"
"VAP0007","09-05-2020","Windows Server 2019 Standard"
"VPS0007","30-08-2022","Windows Server 2019 Standard"
"VPS0008","31-08-2022","Windows Server 2019 Standard"
"VCA0001","15-04-2021","Windows Server 2012 R2 Datacenter"
"PHV0034","02-09-2022","Windows Server 2019 Datacenter"
"PHV0035","02-09-2022","Windows Server 2019 Datacenter"
"PHV0037","02-09-2022","Windows Server 2019 Datacenter"
"PHV0038","02-09-2022","Windows Server 2019 Datacenter"
"PHV0039","01-09-2022","Windows Server 2019 Datacenter"
"PHV0040","08-09-2022","Windows Server 2019 Datacenter"
"VAP0061","08-09-2022","Windows Server 2019 Standard"
"VAP0062","08-09-2022","Windows Server 2019 Standard"
"VAP0063","29-08-2022","Windows Server 2019 Standard"
"VAP0064","29-08-2022","Windows Server 2019 Datacenter"
"VWS0061","08-09-2022","Windows Server 2019 Standard"
"VAP0261","08-09-2022","Windows Server 2019 Standard"
"VAP0262","29-08-2022","Windows Server 2019 Datacenter"
"VWS0261","06-09-2022","Windows Server 2019 Datacenter"
"VWS0262","07-09-2022","Windows Server 2019 Datacenter"
"VWS0062","02-09-2022","Windows Server 2019 Datacenter"
"VRA0001","02-09-2022","Windows Server 2019 Standard"
"VRA0002","02-09-2022","Windows Server 2019 Standard"
"CAP6021","02-09-2022","Windows Server 2019 Datacenter"
"VAP1082","02-09-2022","Windows Server 2016 Datacenter"
"VSQ0005","13-12-2020","Windows Server 2016 Datacenter"
"VSQ0006","06-09-2022","Windows Server 2019 Standard"
"PHV0041","30-08-2022","Windows Server 2019 Datacenter"
"VRA0003","02-09-2022","Windows Server 2019 Standard"
"VRA0004","01-09-2022","Windows Server 2019 Standard"
"PHV4701","06-09-2022","Windows Server 2019 Datacenter"
"VAP1083","03-09-2022","Windows Server 2019 Standard"
"CDP11001","08-09-2022","Windows Server 2016 Datacenter"
"CRA6001","23-03-2021","Windows Server 2019 Datacenter"
"PHV4601","29-08-2022","Windows Server 2019 Datacenter"
"CDB1006","07-09-2022","Windows Server 2019 Datacenter"
"VRD0040","23-06-2022","Windows Server 2016 Datacenter"
"VRD0041","23-06-2022","Windows Server 2016 Datacenter"
"VGW0040","31-08-2022","Windows Server 2019 Standard"
"VBR0040","31-08-2022","Windows Server 2019 Standard"
"CAP1017","07-09-2022","Windows Server 2019 Datacenter"
"CRA1002","05-09-2022","Windows Server 2019 Datacenter"
"CBR1001","05-09-2022","Windows Server 2019 Datacenter"
"CBR1002","02-09-2022","Windows Server 2019 Datacenter"
"CGW1001","03-09-2022","Windows Server 2019 Datacenter"
"CGW1002","08-06-2022","Windows Server 2019 Datacenter"
"PHV4102","01-09-2022","Windows Server 2019 Datacenter"
"CAP10012","29-08-2022","Windows Server 2019 Datacenter"
"CAP10013","01-09-2022","Windows Server 2019 Datacenter"
"CAP10014","29-08-2022","Windows Server 2019 Datacenter"
"CPS1002","29-08-2022","Windows Server 2019 Datacenter"
"VRD0044","10-02-2021","Windows Server 2016 Datacenter"
"VRD0045","11-02-2021","Windows Server 2016 Datacenter"
"PBK0010","08-10-2020","Windows Server 2019 Standard"
"VRA0005","03-09-2022","Windows Server 2019 Standard"
"VRA0006","03-09-2022","Windows Server 2019 Standard"
"CAP10015","29-08-2022","Windows Server 2016 Datacenter"
"CAP10016","03-09-2022","Windows Server 2016 Datacenter"
"VRA0050","01-09-2022","Windows Server 2019 Standard"
"VRD0050","02-09-2022","Windows Server 2019 Standard"
"VSHMIG06","16-01-2021","Windows Server 2016 Standard"
"VSHMIG04","16-01-2021","Windows Server 2016 Standard"
"VSHMIG05","16-01-2021","Windows Server 2016 Standard"
"VPB0001","03-09-2022","Windows Server 2019 Datacenter"
"VAP1084","03-09-2022","Windows Server 2019 Standard"
"VAP1085","01-09-2022","Windows Server 2019 Standard"
"PHV5102","08-09-2022","Windows Server 2019 Datacenter"
"CDP10002","30-08-2022","Windows Server 2016 Datacenter"
"VSHMIG07","10-01-2021","Windows Server 2019 Datacenter"
"VSHMIG08","10-01-2021","Windows Server 2019 Datacenter"
"VRA0007","31-08-2022","Windows Server 2019 Standard"
"VRA0008","30-08-2022","Windows Server 2019 Standard"
"VRA0009","31-08-2022","Windows Server 2019 Standard"
"VRA0010","31-08-2022","Windows Server 2019 Standard"
"CJH1001","05-09-2022","Windows Server 2019 Datacenter"
"VOK0001","10-12-2020","Windows Server 2019 Datacenter"
"VAP1603","06-09-2022","Windows Server 2019 Standard"
"VRA0051","05-09-2022","Windows Server 2019 Standard"
"VRA0052","04-09-2022","Windows Server 2019 Standard"
"VRA0053","06-09-2022","Windows Server 2019 Standard"
"VRA0054","04-09-2022","Windows Server 2019 Standard"
"VRA0055","06-09-2022","Windows Server 2019 Standard"
"PHV3501","06-09-2022","Windows Server 2019 Standard"
"VDB3501","05-09-2022","Windows Server 2019 Standard"
"VAP3501","06-09-2022","Windows Server 2019 Standard"
"CAP1021","01-09-2022","Windows Server 2019 Datacenter"
"CAP6022","28-10-2021","Windows Server 2019 Datacenter"
"VPC0001","03-09-2022","Windows Server 2019 Datacenter"
"VDB0024","08-09-2022","Windows Server 2019 Standard"
"VAP3502","30-08-2022","Windows Server 2019 Standard"
"VAP3503","31-08-2022","Windows Server 2019 Standard"
"VDC0008","08-09-2022","Windows Server 2016 Standard"
"CAP10017","01-09-2022","Windows Server 2019 Datacenter"
"CRA1003","08-09-2022","Windows Server 2019 Datacenter"
"CAP700-9","01-09-2022","Windows Server 2012 R2 Datacenter"
"CAP700-10","30-08-2022","Windows Server 2012 R2 Datacenter"
"CAP10020","31-08-2022","Windows Server 2012 R2 Datacenter"
"CAP10021","18-08-2021","Windows Server 2016 Datacenter"
"CDP10003","02-09-2022","Windows Server 2016 Datacenter"
"CDP10004","02-09-2022","Windows Server 2016 Datacenter"
"CDP10005","02-09-2022","Windows Server 2016 Datacenter"
"CAP11005","01-09-2022","Windows Server 2016 Datacenter"
"CAP10011","30-08-2022","Windows Server 2016 Datacenter"
"CAP1023","24-08-2022","Windows Server 2019 Datacenter"
"CAP1024","08-06-2022","Windows Server 2019 Datacenter"
"CAP1025","03-03-2022","Windows Server 2019 Datacenter"
"CAP1026","03-03-2022","Windows Server 2019 Datacenter"
"VCA0002","03-09-2022","Windows Server 2019 Standard"
"VAP0058","07-09-2022","Windows Server 2019 Standard"
"CAP6025","01-09-2022","Windows Server 2019 Datacenter"
"VAP0244","29-08-2022","Windows Server 2019 Datacenter"
"VAP3907","07-09-2022","Windows Server 2019 Standard"
"VAP1086","31-08-2022","Windows Server 2019 Standard"
"VAP0112","05-09-2022","Windows Server 2019 Standard"
"CAP10022","05-09-2022","Windows Server 2019 Datacenter"
"VAP3804","02-09-2022","Windows Server 2019 Datacenter"
"VAP0145","03-09-2022","Windows Server 2019 Standard"
"VAP0147","04-09-2022","Windows Server 2019 Datacenter"
"CRA1004","01-09-2022","Windows Server 2019 Datacenter"
"CDP1001","02-09-2022","Windows Server 2019 Datacenter"
"CAP700-11","30-08-2022","Windows Server 2012 R2 Datacenter"
"CRA1005","01-09-2022","Windows Server 2019 Datacenter"
"CRD1020","06-09-2022","Windows Server 2019 Datacenter"
"PAP1101","03-09-2022","Windows Server 2019 Standard"
"CRA1006","08-09-2022","Windows Server 2019 Datacenter"
"VAP3504","08-09-2022","Windows Server 2019 Standard"
"CRA1007","01-09-2022","Windows Server 2019 Datacenter"
"CRA1008","01-09-2022","Windows Server 2019 Datacenter"
"CDP10006","08-09-2022","Windows Server 2019 Datacenter"
"CAP6026","07-09-2022","Windows Server 2019 Datacenter"
"CAP1022","07-09-2022","Windows Server 2019 Datacenter"
"VAP1087","29-08-2022","Windows Server 2019 Standard"
"VAP1088","03-09-2022","Windows Server 2019 Datacenter"
"VRA0056","29-08-2022","Windows Server 2019 Standard"
"VAP1089","02-09-2022","Windows Server 2019 Datacenter"
"CAP6027","03-09-2022","Windows Server 2019 Datacenter"
"CDP6001","02-09-2022","Windows Server 2019 Datacenter"
"CMG7003","01-09-2022","Windows Server 2019 Datacenter"
"VMG0006","03-09-2022","Windows Server 2022 Datacenter"
"VAP3014","08-09-2022","Windows Server 2022 Standard"
"VAP1090","03-09-2022","Windows Server 2022 Standard"
"CDP1002","05-09-2022","Windows Server 2019 Datacenter"
"CAP6028","03-09-2022","Windows Server 2019 Datacenter"
"CDP1003","03-09-2022","Windows Server 2019 Datacenter"
"CRA1009","01-09-2022","Windows Server 2019 Datacenter"
"CRA1010","06-09-2022","Windows Server 2019 Datacenter"
"CRD1023","08-09-2022","Windows Server 2019 Datacenter"
"CRD1022","05-09-2022","Windows Server 2019 Datacenter"
"CRD1021","25-08-2022","Windows Server 2019 Datacenter"
"VAP0240","05-09-2022","Windows Server 2019 Datacenter"
"VAP0241","05-09-2022","Windows Server 2019 Datacenter"
"VAP0242","05-09-2022","Windows Server 2019 Datacenter"
"VAP0243","05-09-2022","Windows Server 2019 Datacenter"
"CRA1001","07-09-2022","Windows Server 2019 Datacenter"
"CRA1011","08-09-2022","Windows Server 2019 Datacenter"
"CRA1012","08-09-2022","Windows Server 2019 Datacenter"
"CRA1013","29-08-2022","Windows Server 2019 Datacenter"
"CRA1014","02-09-2022","Windows Server 2019 Datacenter"
"CRA1015","03-09-2022","Windows Server 2019 Datacenter"
"VVC0001","01-09-2022","Windows Server 2019 Datacenter"
"VVC0003","02-09-2022","Windows Server 2016 Standard"
